abdulsulejmanov | 2025-09-08 16:47:30 | kjkfew
abdulsulejmanov | 2025-09-08 16:47:31 | wlkflwekf
abdulsulejmanov | 2025-09-08 16:47:31 | wlkfwekf
abdulsulejmanov | 2025-09-08 16:47:32 | gwegr
abdulsulejmanov | 2025-09-08 16:47:35 | reklre
abdulsulejmanov | 2025-09-08 16:47:35 | l;kgew';lkrg
abdulsulejmanov | 2025-09-08 16:47:36 | ;lkfw
abdulsulejmanov | 2025-09-08 16:47:37 | jlksf
abdulsulejmanov | 2025-09-08 16:47:38 | sdfkl;;slkdf'aklf
abdulsulejmanov | 2025-09-08 16:47:38 | jlkewjgr'elrgj
abdulsulejmanov | 2025-09-08 16:47:44 | echo Hello world
abdulsulejmanov | 2025-09-08 16:47:49 | ecpofeqf
abdulsulejmanov | 2025-09-08 16:47:50 | egjlekwjgrewg
abdulsulejmanov | 2025-09-08 16:47:51 | qergkljewgl;kjewg
